DOI,Article Type
10.1111/jnu.12842,journal-article
10.1111/jnu.12819,journal-article
10.1111/jnu.12800,journal-article
10.1111/jnu.12857,journal-article
10.1111/jnu.12849,journal-article
10.1111/jnu.12850,journal-article
10.1111/jnu.12859,journal-article
10.1111/jnu.12832,journal-article
10.1111/jnu.12816,journal-article
10.1111/jnu.12826,journal-article
10.1111/jnu.12835,journal-article
10.1111/jnu.12860,journal-article
10.1111/jnu.12855,journal-article
10.1111/jnu.12865,journal-article
10.1111/jnu.12834,journal-article
10.1111/jnu.12821,journal-article
10.1111/jnu.12824,journal-article
10.1111/jnu.12820,journal-article
10.1111/jnu.12853,journal-article
10.1111/jnu.12814,journal-article
10.1111/jnu.12815,journal-article
10.1111/jnu.12809,journal-article
